ï»¿Title,Title_URL,Image,scdkrfog,scdkrfog1,scdkrfog2,scdkrfog3,scdkrfog4
Stylish Retro Men Tshirts,https://www.meesho.com/stylish-retro-men-tshirts/p/2c6zdu,https://images.meesho.com/images/products/141413538/6jocx_400.jpg,+1 More,â¹194 onwards,Free Delivery,3.8,5267 Reviews
Trendy Ravishing Men Shirts,https://www.meesho.com/trendy-ravishing-men-shirts/p/332i45,https://images.meesho.com/images/products/186554165/mgxsq_400.jpg,+1 More,â¹473 onwards,Free Delivery,3.3,29 Reviews
Vellical Men Shirts,https://www.meesho.com/vellical-men-shirts/p/270k2l,https://images.meesho.com/images/products/132715677/amkqb_400.jpg,+5 More,â¹286 onwards,Free Delivery,3.9,30109 Reviews
Urbane Elegant Men Shirts,https://www.meesho.com/urbane-elegant-men-shirts/p/2o4vyk,https://images.meesho.com/images/products/161471180/rox8n_400.jpg,+5 More,â¹387 onwards,Free Delivery,3.7,5769 Reviews
Manlino Men Tshirts,https://www.meesho.com/manlino-men-tshirts/p/5mxiv,https://images.meesho.com/images/products/9467959/0178a_400.jpg,+4 More,â¹298 onwards,Free Delivery,4,91146 Reviews
Fancy Retro Men Tshirts,https://www.meesho.com/fancy-retro-men-tshirts/p/2c733p,https://images.meesho.com/images/products/141418357/idgkz_400.jpg,,â¹185 onwards,Free Delivery,3.8,21765 Reviews
Styles Modern Men Sunglasses,https://www.meesho.com/styles-modern-men-sunglasses/p/28ja4g,https://images.meesho.com/images/products/135268864/fvjxw_400.jpg,+3 More,â¹232 onwards,Free Delivery,4.1,105 Reviews
Stylish Designer Men Shirts,https://www.meesho.com/stylish-designer-men-shirts/p/2e9uia,https://images.meesho.com/images/products/144906418/lscec_400.jpg,+8 More,â¹298 onwards,Free Delivery,3.9,24449 Reviews
Standard Men Vest,https://www.meesho.com/standard-men-vest/p/51dal,https://images.meesho.com/images/products/8461965/8aae1_400.jpg,+3 More,â¹160 onwards,Free Delivery,3.6,3142 Reviews
StylesModern Men Wallets,https://www.meesho.com/stylesmodern-men-wallets/p/1tvmzd,https://images.meesho.com/images/products/110651161/iqjoz_400.jpg,+4 More,â¹99 onwards,Free Delivery,4,6060 Reviews
Urbane Elegant Men Shirts,https://www.meesho.com/urbane-elegant-men-shirts/p/2glwsw,https://images.meesho.com/images/products/148828496/vfcip_400.jpg,+5 More,â¹273 onwards,Free Delivery,3.7,7506 Reviews
"""""Unique Attractive Men Sports Shoes""""",https://www.meesho.com/unique-attractive-men-sports-shoes/p/1ne7sr,https://images.meesho.com/images/products/99760635/00yd5_400.jpg,+7 More,â¹320 onwards,Free Delivery,3.7,43029 Reviews
Urbane Fashionista Men Tshirts,https://www.meesho.com/urbane-fashionista-men-tshirts/p/1rm5qx,https://images.meesho.com/images/products/106849689/qn2m2_400.jpg,+5 More,â¹202 onwards,Free Delivery,3.9,12638 Reviews
Trendy Glamorous Men Tshirts,https://www.meesho.com/trendy-glamorous-men-tshirts/p/3ksd4a,https://images.meesho.com/images/products/216314218/g7gt1_400.jpg,+9 More,â¹299 onwards,Free Delivery,3.8,349 Reviews
StylesTrendy Men Wallets,https://www.meesho.com/stylestrendy-men-wallets/p/fi33y,https://images.meesho.com/images/products/26038078/9uyfq_400.jpg,+3 More,â¹114 onwards,Free Delivery,3.6,34154 Reviews
Fashionable Trendy Men Socks,https://www.meesho.com/fashionable-trendy-men-socks/p/2qipur,https://images.meesho.com/images/products/165475683/k4etg_400.jpg,+3 More,â¹128 onwards,Free Delivery,3.8,8500 Reviews
Trendy Men's Tshirts Vol 1,https://www.meesho.com/trendy-mens-tshirts-vol-1/p/3d0kl,https://images.meesho.com/images/products/5646117/khdgd_400.jpg,+6 More,â¹328 onwards,Free Delivery,3.7,9691 Reviews
Gorgeous Modern Men Trousers,https://www.meesho.com/gorgeous-modern-men-trousers/p/1hoylg,https://images.meesho.com/images/products/90184228/hropq_400.jpg,+4 More,â¹715 onwards,Free Delivery,4.1,241 Reviews
Comfy Glamorous Men Tshirts,https://www.meesho.com/comfy-glamorous-men-tshirts/p/2vvr7w,https://images.meesho.com/images/products/174482060/lgfmo_400.jpg,,â¹227 onwards,Free Delivery,3.8,4274 Reviews
Fancy Ravishing Men Tshirts,https://www.meesho.com/fancy-ravishing-men-tshirts/p/1r9mmr,https://images.meesho.com/images/products/106265043/ubgql_400.jpg,+6 More,â¹318 onwards,Free Delivery,3.9,9168 Reviews
Stylish Graceful Men Tshirts,https://www.meesho.com/stylish-graceful-men-tshirts/p/12d4p7,https://images.meesho.com/images/products/64438027/ovpie_400.jpg,+4 More,â¹205 onwards,Free Delivery,3.8,8818 Reviews
Gorgeous Fabulous Men Track Pants,https://www.meesho.com/gorgeous-fabulous-men-track-pants/p/319s23,https://images.meesho.com/images/products/183534411/hjcow_400.jpg,+3 More,â¹377 onwards,Free Delivery,3.8,51 Reviews
Classic Ravishing Men Tshirts,https://www.meesho.com/classic-ravishing-men-tshirts/p/2fwstz,https://images.meesho.com/images/products/147656951/vs3s2_400.jpg,+5 More,â¹172 onwards,Delivery â¹69,3.9,5221 Reviews
Youth First Men Shirts,https://www.meesho.com/youth-first-men-shirts/p/bu7it,https://images.meesho.com/images/products/19885205/7c0ec_400.jpg,+8 More,â¹309 onwards,Free Delivery,3.9,47416 Reviews
Trendy Ravishing Men Tshirts,https://www.meesho.com/trendy-ravishing-men-tshirts/p/2bpies,https://images.meesho.com/images/products/140598388/ailwc_400.jpg,+11 More,â¹190 onwards,Free Delivery,3.9,11470 Reviews
Pretty Fashionable Men Shirts,https://www.meesho.com/pretty-fashionable-men-shirts/p/36koa6,https://images.meesho.com/images/products/192440814/zivec_400.jpg,+5 More,â¹428 onwards,Free Delivery,3.9,91 Reviews
Designer Fabulous Men Jeans,https://www.meesho.com/designer-fabulous-men-jeans/p/2hn1w0,https://images.meesho.com/images/products/150561360/mljnz_400.jpg,+4 More,â¹391 onwards,Free Delivery,3.7,5449 Reviews
Stylish Elegant Men Tshirts,https://www.meesho.com/stylish-elegant-men-tshirts/p/2gyc25,https://images.meesho.com/images/products/149408141/dkhin_400.jpg,+4 More,â¹102 onwards,Delivery â¹66,3.8,17436 Reviews
Pretty Sensational Men Tshirts,https://www.meesho.com/pretty-sensational-men-tshirts/p/2qzceb,https://images.meesho.com/images/products/166251395/bz2dm_400.jpg,+2 More,â¹244 onwards,Free Delivery,3.8,25 Reviews
Stylish Latest Men Track Pants,https://www.meesho.com/stylish-latest-men-track-pants/p/2a1o5l,https://images.meesho.com/images/products/137806473/vdss1_400.jpg,+4 More,â¹361 onwards,Free Delivery,3.9,4387 Reviews
Vellical Men Shirts,https://www.meesho.com/vellical-men-shirts/p/270ge9,https://images.meesho.com/images/products/132710913/ndjou_400.jpg,+5 More,â¹286 onwards,Free Delivery,3.9,21971 Reviews
Urbane Glamorous Men Tshirts,https://www.meesho.com/urbane-glamorous-men-tshirts/p/32ulxy,https://images.meesho.com/images/products/186185878/ii7i8_400.jpg,+6 More,â¹141 onwards,Delivery â¹67,3.5,1112 Reviews
Urbane Partywear Men Shirts,https://www.meesho.com/urbane-partywear-men-shirts/p/2q3ajv,https://images.meesho.com/images/products/164756011/v54ml_400.jpg,+3 More,â¹264 onwards,Free Delivery,3.8,1908 Reviews
Comfy Sensational Men Tshirts,https://www.meesho.com/comfy-sensational-men-tshirts/p/2qetux,https://images.meesho.com/images/products/165294249/j3nyy_400.jpg,+3 More,â¹344 onwards,Free Delivery,3.7,245 Reviews
Comfy Designer Men Tshirts,https://www.meesho.com/comfy-designer-men-tshirts/p/pmang,https://images.meesho.com/images/products/43030636/df62d_400.jpg,+8 More,â¹237 onwards,Free Delivery,3.8,7396 Reviews
Fancy Trendy Men Belts,https://www.meesho.com/fancy-trendy-men-belts/p/wfthu,https://images.meesho.com/images/products/54485778/w4sm8_400.jpg,+2 More,â¹153 onwards,Free Delivery,3.6,12135 Reviews
Fashionable Trendy Men Track Pants,https://www.meesho.com/fashionable-trendy-men-track-pants/p/27elbq,https://images.meesho.com/images/products/133370486/p3pps_400.jpg,+6 More,â¹428 onwards,Free Delivery,3.9,458 Reviews
Fashionable Latest Men Socks,https://www.meesho.com/fashionable-latest-men-socks/p/1ohrep,https://images.meesho.com/images/products/101605633/xy0tz_400.jpg,,â¹149 onwards,Free Delivery,4,27719 Reviews
Stylish Fabulous Men Tshirts,https://www.meesho.com/stylish-fabulous-men-tshirts/p/u7uo6,https://images.meesho.com/images/products/50754822/yyxp4_400.jpg,+16 More,â¹241 onwards,Free Delivery,3.9,30903 Reviews
Relaxed Trendy Men Flip Flops,https://www.meesho.com/relaxed-trendy-men-flip-flops/p/2vos3h,https://images.meesho.com/images/products/174156605/o8xvw_400.jpg,,â¹199 onwards,Free Delivery,3.8,3090 Reviews